{
  "shield.bash.hit": {
    "subtitle": "subtitle.spartanshields.shield.bash.hit",
    "sounds": [
      "item/shield/block1",
      "item/shield/block2",
      "item/shield/block3",
      "item/shield/block4",
      "item/shield/block5"
    ]
  },
  "shield.bash.miss": {
    "subtitle": "subtitle.spartanshields.shield.bash.miss",
    "sounds": [
      {
        "name": "entity/player/attack/sweep1",
        "volume": 0.7
      },
      {
        "name": "entity/player/attack/sweep2",
        "volume": 0.7
      },
      {
        "name": "entity/player/attack/sweep3",
        "volume": 0.7
      },
      {
        "name": "entity/player/attack/sweep4",
        "volume": 0.7
      },
      {
        "name": "entity/player/attack/sweep5",
        "volume": 0.7
      },
      {
        "name": "entity/player/attack/sweep6",
        "volume": 0.7
      },
      {
        "name": "entity/player/attack/sweep7",
        "volume": 0.7
      }
    ]
  },
  "shield.payback.charge": {
    "subtitle": "subtitle.spartanshields.shield.payback.charge",
    "sounds": [
      {
        "name": "random/levelup",
        "pitch": 0.5
      }
    ]
  }
}