{
    "parent":"builtin/generated",
    "textures": {
        "layer0":"spartanshields:item/mekanism/mekanists_basic_shield_base",
		"layer1":"spartanshields:item/mekanism/mekanists_basic_shield_lights_on"
	},
    "display": {
		"thirdperson_righthand": {
			"rotation": [ 60, 320, 0 ],
			"translation": [ 0.50, 1.00, 0.00 ],
			"scale": [ 1.00, 1.00, 1.00 ]
		},
		"thirdperson_lefthand": {
			"rotation": [ 60, 320, 0 ],
			"translation": [ 0.50, 1.00, 0.00 ],
			"scale": [ 1.00, 1.00, 1.00 ]
		},
        "firstperson_righthand": {
            "rotation": [ 0, 0, 0 ],
            "translation": [ 1.00, -2.00, 0.00 ],
            "scale": [ 1.00, 1.00, 1.00 ]
        },
        "firstperson_lefthand": {
            "rotation": [ 0, 0, 0 ],
            "translation": [ 1.00, -2.00, 0.00 ],
            "scale": [ 1.00, 1.00, 1.00 ]
        },
        "gui": {
			"rotation": [ 0, 0, 0 ],
			"translation": [ 0.00, 0.00, 0.00 ],
			"scale": [ 1.00, 1.00, 1.00 ]
		},
		"head": {
			"rotation": [ 0, 0, 0 ],
			"translation": [ 0.00, 0.00, 0.00 ],
			"scale": [ 1.00, 1.00, 1.00 ]
		},
		"fixed": {
			"rotation": [ 0, 0, 0 ],
			"translation": [ 0.00, 0.00, 0.00 ],
			"scale": [ 1.00, 1.00, 1.00 ]
		},
		"ground": {
			"rotation": [ 0, 0, 0 ],
			"translation": [ 0.00, 3.00, 0.00 ],
			"scale": [ 0.75, 0.75, 0.75 ]
		}
    }
}