{
  "type": "minecraft:crafting_shaped",
  "pattern": [
    "ada",
    "bOb",
    "#c#"
  ],
  "key": {
    "a": {
      "item": "mekanism:alloy_infused"
    },
    "d": {
      "item": "mekanism:enriched_diamond"
    },
    "c": {
      "item": "mekanism:basic_control_circuit"
    },
    "b": {
      "item": "mekanism:energy_tablet"
    },
    "#": {
      "tag": "forge:ingots/steel"
    },
    "O": {
      "item": "spartanshields:wooden_basic_shield"
    }
  },
  "result": {
    "item": "spartanshields:basic_mekanists_basic_shield"
  },
  "conditions": [
    {
      "disabled": [
        "modded"
      ],
      "type": "spartanshields:type_disabled"
    },
    {
      "modid": "mekanism",
      "type": "forge:mod_loaded"
    }
  ]
}