{
  "type": "minecraft:crafting_shaped",
  "group": "spartanshields:bronze_shields",
  "pattern": [
    " # ",
    "#O#",
    " # "
  ],
  "key": {
    "O": {
      "item": "spartanshields:wooden_basic_shield"
    },
    "#": {
      "tag": "forge:ingots/bronze"
    }
  },
  "result": {
    "item": "spartanshields:bronze_basic_shield"
  },
  "conditions": [
    {
      "disabled": [
        "modded",
        "bronze"
      ],
      "type": "spartanshields:type_disabled"
    },
    {
      "value": {
        "tag": "forge:ingots/bronze",
        "type": "forge:tag_empty"
      },
      "type": "forge:not"
    }
  ]
}