{
  "type": "minecraft:crafting_shaped",
  "group": "spartanshields:obsidian_shields",
  "pattern": [
    "###",
    "#O#",
    " # "
  ],
  "key": {
    "O": {
      "item": "spartanshields:wooden_tower_shield"
    },
    "#": {
      "tag": "forge:obsidian"
    }
  },
  "result": {
    "item": "spartanshields:obsidian_tower_shield"
  },
  "conditions": [
    {
      "disabled": [
        "obsidian"
      ],
      "type": "spartanshields:type_disabled"
    },
    {
      "value": {
        "tag": "forge:obsidian",
        "type": "forge:tag_empty"
      },
      "type": "forge:not"
    }
  ]
}