{
  "type": "spartanshields:upgrade_powered_shield",
  "pattern": [
    "a a",
    "bOb",
    "#c#"
  ],
  "key": {
    "a": {
      "item": "mekanism:alloy_atomic"
    },
    "c": {
      "item": "mekanism:ultimate_control_circuit"
    },
    "O": {
      "item": "spartanshields:elite_mekanists_basic_shield"
    },
    "b": {
      "item": "mekanism:energy_tablet"
    },
    "#": {
      "tag": "forge:ingots/steel"
    }
  },
  "result": {
    "item": "spartanshields:ultimate_mekanists_basic_shield"
  },
  "conditions": [
    {
      "disabled": [
        "modded"
      ],
      "type": "spartanshields:type_disabled"
    },
    {
      "modid": "mekanism",
      "type": "forge:mod_loaded"
    }
  ]
}