{
  "parent": "minecraft:recipes/root",
  "rewards": {
    "recipes": [
      "spartanshields:nickel_tower_shield"
    ]
  },
  "criteria": {
    "has_nickel_ingot": {
      "trigger": "minecraft:inventory_changed",
      "conditions": {
        "items": [
          {
            "tag": "forge:ingots/nickel"
          }
        ]
      }
    },
    "has_the_recipe": {
      "trigger": "minecraft:recipe_unlocked",
      "conditions": {
        "recipe": "spartanshields:nickel_tower_shield"
      }
    }
  },
  "requirements": [
    [
      "has_nickel_ingot",
      "has_the_recipe"
    ]
  ]
}